Test ID,Test Name,Steps,Expected,Status
1,Name 1,Step 1,Exp 1,Pass
,,Step 2,Exp 2,Fail
,,Step 3,Exp 3,Pass
2,Name 2,Step 1,Exp 1,Fail
,,Step 2,Exp 2,Pass
,,Step 3,Exp 3,Fail
,,Step 4,Exp 4,Pass
3,Name 3,Step 1,Exp 1,Pass
,,Step 2,Exp 2,Pass
,,Step 3,Exp 3,Fail
,,Step 4,Exp 4,Pass
,,Step 5,Exp 5,Fail
4,Name 4,Step 1,Exp 1,Pass
,,Step 2,Exp 2,Pass
,,Step 3,Exp 3,Fail
,,Step 4,Exp 4,Pass
,,Step 5,Exp 5,Fail
,,Step 6,Exp 5,Fail
5,Name 5,Step 1,Exp 1,Fail
,,Step 2,Exp 2,Pass
,,Step 3,Exp 3,Fail
,,Step 4,Exp 4,Pass
6,Name 6,Step 1,Exp 1,Pass
,,Step 2,Exp 2,Fail
,,Step 3,Exp 3,Pass
7,Name 1,Step 1,Exp 1,Pass
,,Step 2,Exp 2,Fail
,,Step 3,Exp 3,Pass
